player_name,player_id
Charles Jenkins,1
Reggie Evans,2
Kim English,3
Derek Fisher,4
Robin Lopez,5
Luis Scola,6
Grant Hill,7
Randy Foye,8
Trevor Ariza,9
Steve Blake,10
Festus Ezeli,11
LaMarcus Aldridge,12
Gerald Henderson,13
Glen Davis,14
Luol Deng,15
Drew Gooden,16
Marcus Thornton,17
Tyler Zeller,18
Tayshaun Prince,19
Richard Jefferson,20
Matt Bonner,21
Samardo Samuels,22
Brandon Rush,23
Nazr Mohammed,24
Shawn Marion,25
Kyle Singler,26
Shelvin Mack,27
Brendan Haywood,28
Matt Barnes,29
Ty Lawson,30
Kendrick Perkins,31
Jrue Holiday,32
Earl Clark,33
John Salmons,34
Dexter Pittman,35
Bernard James,36
Kevin Jones,37
Ronnie Price,38
Metta World Peace,39
Fab Melo,40
Jimmer Fredette,41
Jeremy Tyler,42
Zach Randolph,43
Greivis Vasquez,44
Dante Cunningham,45
Andrew Bogut,46
Cartier Martin,47
Leandro Barbosa,48
Luc Mbah a Moute,49
Alan Anderson,50
Jason Maxiell,51
Nikola Pekovic,52
Ronnie Brewer,53
Nene,54
Lou Amundson,55
Greg Smith,56
Chandler Parsons,57
Tornike Shengelia,58
Alonzo Gee,59
Diante Garrett,60
Toney Douglas,61
Dahntay Jones,62
Wilson Chandler,63
DeAndre Liggins,64
Tyler Honeycutt,65
Jared Dudley,66
Shane Battier,67
Dominic McGuire,68
Courtney Lee,69
Aron Baynes,70
Kris Joseph,71
Tony Parker,72
Jeff Ayres,73
Joel Anthony,74
Daniel Gibson,75
Michael Beasley,76
Carmelo Anthony,77
Justin Dentmon,78
Malcolm Thomas,79
Perry Jones III,80
Marcus Morris,81
Mirza Teletovic,82
Ed Davis,83
Damian Lillard,84
Eric Maynor,85
Kirk Hinrich,86
Timofey Mozgov,87
Lance Thomas,88
Ben Gordon,89
Shaun Livingston,90
Jerryd Bayless,91
Mike Scott,92
Brandon Roy,93
Jason Smith,94
Marquis Teague,95
Chris Johnson,96
Earl Barron,97
Solomon Jones,98
Andrew Goudelock,99
Steve Novak,100
Andre Miller,101
JJ Redick,102
Bradley Beal,103
Francisco Garcia,104
Darius Johnson-Odom,105
Lance Stephenson,106
Jordan Crawford,107
Andris Biedrins,108
Donald Sloan,109
Nando De Colo,110
Andrea Bargnani,111
Cory Higgins,112
Michael Kidd-Gilchrist,113
Chuck Hayes,114
Raymond Felton,115
Maalik Wayns,116
Quincy Acy,117
O.J. Mayo,118
Darius Miller,119
Ricky Rubio,120
Marcin Gortat,121
CJ Miles,122
J.J. Barea,123
Jason Kidd,124
Carlos Delfino,125
Carl Landry,126
Kevin Garnett,127
Hedo Turkoglu,128
Taj Gibson,129
Bismack Biyombo,130
Arnett Moultrie,131
Jonas Valanciunas,132
Omer Asik,133
Hamed Haddadi,134
MarShon Brooks,135
Chris Duhon,136
LeBron James,137
Linas Kleiza,138
Tyreke Evans,139
Antawn Jamison,140
Xavier Henry,141
Wesley Matthews,142
Tristan Thompson,143
Daequan Cook,144
Miles Plumlee,145
Marreese Speights,146
Kosta Koufos,147
Chris Andersen,148
DJ White,149
Rodney Stuckey,150
Will Bynum,151
Derrick Favors,152
DeAndre Jordan,153
Ish Smith,154
Daniel Orton,155
Darren Collison,156
Kendall Marshall,157
Chauncey Billups,158
Gary Neal,159
Josh Akognon,160
Roy Hibbert,161
Mickael Pietrus,162
Omri Casspi,163
Jason Collins,164
Manu Ginobili,165
Johan Petro,166
Dorell Wright,167
Goran Dragic,168
Jarvis Varnado,169
Meyers Leonard,170
Rasheed Wallace,171
Viacheslav Kravtsov,172
Marquis Daniels,173
Dominique Jones,174
Charlie Villanueva,175
Garrett Temple,176
Wayne Ellington,177
Jason Thompson,178
Steve Nash,179
Mike Dunleavy,180
DeShawn Stevenson,181
Justin Holiday,182
Tobias Harris,183
Amar'e Stoudemire,184
DeMarre Carroll,185
Andray Blatche,186
Isaiah Thomas,187
Mike Miller,188
JR Smith,189
Jodie Meeks,190
Arron Afflalo,191
Quentin Richardson,192
Hakim Warrick,193
Mario Chalmers,194
Jimmy Butler,195
Iman Shumpert,196
Marc Gasol,197
Nick Collison,198
Dion Waiters,199
AJ Price,200
Terrence Jones,201
Kenneth Faried,202
Jason Terry,203
Tim Ohlbrecht,204
Thomas Robinson,205
Vladimir Radmanovic,206
Jarrett Jack,207
Chris Paul,208
Sam Young,209
Shannon Brown,210
Darius Morris,211
Gustavo Ayon,212
Matt Carroll,213
Evan Turner,214
E'Twaun Moore,215
Brandan Wright,216
Joel Freeland,217
Joel Przybilla,218
Cory Joseph,219
Kevin Murphy,220
Darko Milicic,221
Josh Smith,222
Rudy Gay,223
Andrei Kirilenko,224
Jeremy Lamb,225
Jose Calderon,226
Jae Crowder,227
Lavoy Allen,228
Royal Ivey,229
Pablo Prigioni,230
Eric Bledsoe,231
John Wall,232
Kenyon Martin,233
Larry Sanders,234
Andre Iguodala,235
Jannero Pargo,236
Sasha Pavlovic,237
Josh Selby,238
Ray Allen,239
Victor Claver,240
Kawhi Leonard,241
James Anderson,242
Aaron Brooks,243
Hasheem Thabeet,244
Keyon Dooling,245
Robert Sacre,246
Ekpe Udoh,247
Jeff Teague,248
Chase Budinger,249
Terrel Harris,250
Luke Walton,251
Darrell Arthur,252
Aaron Gray,253
Marco Belinelli,254
Quincy Miller,255
Patty Mills,256
Terrence Williams,257
Deron Williams,258
Dirk Nowitzki,259
Tyler Hansbrough,260
Quincy Pondexter,261
Corey Maggette,262
Marcus Camby,263
Samuel Dalembert,264
Eric Gordon,265
Avery Bradley,266
Al Horford,267
Jerry Stackhouse,268
Orlando Johnson,269
Julyan Stone,270
David West,271
Nate Robinson,272
Jared Jeffries,273
Derrick Williams,274
Ersan Ilyasova,275
Travis Outlaw,276
Emeka Okafor,277
Tony Allen,278
Tyshawn Taylor,279
Chris Douglas-Roberts,280
Kobe Bryant,281
James White,282
Jeff Green,283
Ivan Johnson,284
Beno Udrih,285
Doron Lamb,286
Tiago Splitter,287
Luke Babbitt,288
John Henson,289
James Johnson,290
Terrence Ross,291
Juwan Howard,292
Anthony Randolph,293
Chris Copeland,294
Elton Brand,295
Brandon Bass,296
Kris Humphries,297
Gerald Green,298
Spencer Hawes,299
Thabo Sefolosha,300
Tyson Chandler,301
Klay Thompson,302
John Jenkins,303
Shavlik Randolph,304
JJ Hickson,305
Brian Roberts,306
Josh McRoberts,307
Ian Mahinmi,308
Udonis Haslem,309
Evan Fournier,310
Luke Ridnour,311
Kevin Love,312
Thaddeus Young,313
Wesley Johnson,314
Harrison Barnes,315
DeJuan Blair,316
Anthony Davis,317
Will Conroy,318
Paul Pierce,319
Ben Hansbrough,320
Earl Watson,321
Joakim Noah,322
Greg Monroe,323
Henry Sims,324
Jason Richardson,325
Mike James,326
Will Barton,327
DeQuan Jones,328
Corey Brewer,329
Luke Zeller,330
Patrick Beverley,331
Jonas Jerebko,332
Damien Wilkins,333
Andrew Nicholson,334
Chris Kaman,335
Gerald Wallace,336
Reggie Jackson,337
Jamal Crawford,338
Troy Murphy,339
Austin Daye,340
Al Jefferson,341
Patrick Patterson,342
Byron Mullens,343
Stephen Jackson,344
Alec Burks,345
Kemba Walker,346
Jordan Hill,347
Lazar Hayward,348
George Hill,349
Nolan Smith,350
David Lee,351
Malcolm Lee,352
Dwyane Wade,353
Danny Green,354
Jon Leuer,355
Maurice Harkless,356
Rashard Lewis,357
Mickael Gelabale,358
James Harden,359
Kurt Thomas,360
Martell Webster,361
Markieff Morris,362
Chris Wilcox,363
Tony Wroten,364
Lou Williams,365
D.J. Augustin,366
Tim Duncan,367
Jeremy Lin,368
Nick Young,369
Jan Vesely,370
DeMarcus Cousins,371
Josh Childress,372
Chris Singleton,373
Scott Machado,374
Reggie Williams,375
Jermaine O'Neal,376
Pau Gasol,377
Anthony Morrow,378
Donatas Motiejunas,379
Nicolas Batum,380
Kent Bazemore,381
Ryan Anderson,382
Monta Ellis,383
Kyle Korver,384
Paul Millsap,385
Lamar Odom,386
Russell Westbrook,387
DeSagana Diop,388
PJ Tucker,389
Brandon Knight,390
Kyle O'Quinn,391
Greg Stiemsma,392
Jordan Hamilton,393
Danilo Gallinari,394
Al Harrington,395
Ramon Sessions,396
Boris Diaw,397
Carlos Boozer,398
DeMar DeRozan,399
Richard Hamilton,400
Cole Aldrich,401
Jamaal Tinsley,402
Jeff Adrien,403
Brook Lopez,404
Jeffery Taylor,405
Zaza Pachulia,406
Chris Bosh,407
Mike Conley,408
Ryan Hollins,409
Roger Mason Jr.,410
Alexey Shved,411
Kwame Brown,412
Kyle Lowry,413
James Jones,414
Devin Harris,415
Jared Sullinger,416
Devin Ebanks,417
C.J. Watson,418
Caron Butler,419
Nikola Vucevic,420
Rajon Rondo,421
Chris Wright,422
Austin Rivers,423
Willie Green,424
Kevin Martin,425
Eddy Curry,426
JaVale McGee,427
Joe Johnson,428
Stephen Curry,429
Marvin Williams,430
Tyrus Thomas,431
Josh Harrellson,432
Ronny Turiaf,433
Mo Williams,434
Danny Granger,435
Dwight Howard,436
Anderson Varejao,437
Norris Cole,438
Vince Carter,439
Rodrigue Beaubois,440
Landry Fields,441
Chris Quinn,442
Kevin Durant,443
Jameer Nelson,444
Andre Drummond,445
Serge Ibaka,446
John Lucas III,447
Sebastian Telfair,448
Brandon Jennings,449
Anthony Tolliver,450
Kyrie Irving,451
Kevin Seraphin,452
Jared Cunningham,453
Gordon Hayward,454
Al-Farouq Aminu,455
Jeremy Evans,456
Damion James,457
Jeremy Pargo,458
Josh Howard,459
Trevor Booker,460
Blake Griffin,461
DaJuan Summers,462
Paul George,463
Keith Bogans,464
Enes Kanter,465
Khris Middleton,466
Draymond Green,467
Amir Johnson,468
Renaldo Balkman,469
Mikki Moore,470
Anthony Parker,471
Vernon Macklin,472
Jamaal Magloire,473
Michael Redd,474
Delonte West,475
Dennis Horner,476
Andre Emmett,477
Mike Bibby,478
Shawne Williams,479
Hassan Whiteside,480
Brad Miller,481
Derrick Rose,482
Lester Hudson,483
Jamario Moon,484
Ike Diogu,485
Sean Williams,486
Derrick Brown,487
Christian Eyenga,488
JaJuan Johnson,489
Andrew Bynum,490
Derrick Byars,491
Jerome Jordan,492
Gary Forbes,493
Ryan Reid,494
Earl Boykins,495
Donte Greene,496
Ben Wallace,497
Sundiata Gaines,498
Yi Jianlian,499
Brian Scalabrine,500
Darington Hobson,501
Larry Owens,502
Erick Dampier,503
Keith Benson,504
Jason Kapono,505
Carldell Johnson,506
Bobby Simmons,507
Mickell Gladness,508
Courtney Fortson,509
Edwin Ubiles,510
T.J. Ford,511
Raja Bell,512
Brian Cook,513
Anthony Carter,514
Kelenna Azubuike,515
Gilbert Arenas,516
Jeff Foote,517
Darryl Watkins,518
Jerry Smith,519
Brian Cardinal,520
Larry Hughes,521
Armon Johnson,522
Eduardo Najera,523
Jonny Flynn,524
Von Wafer,525
D.J. Kennedy,526
Jeff Foster,527
Andres Nocioni,528
Ben Uzoh,529
Blake Ahearn,530
Maurice Evans,531
Josh Davis,532
Travis Leslie,533
Mehmet Okur,534
Jerome Dyson,535
Jordan Farmar,536
Semih Erden,537
Eric Dawson,538
Shelden Williams,539
Morris Almond,540
Kyrylo Fesenko,541
Rasual Butler,542
Trey Johnson,543
Baron Davis,544
Dan Gadzuric,545
Luke Harangody,546
Hamady Ndiaye,547
Mychel Thompson,548
Craig Smith,549
Xavier Silas,550
Jon Brockman,551
Solomon Alabi,552
Walker Russell,553
Francisco Elson,554
Trey Thompkins,555
Tony Battie,556
Henry Walker,557
Tracy McGrady,558
Ryan Gomes,559
Manny Harris,560
Elliot Williams,561
Craig Brackins,562
Jordan Williams,563
Rudy Fernandez,564
James Singleton,565
Brian Skinner,566
Channing Frye,567
Justin Harper,568
Sean Kilpatrick,569
Ben McLemore,570
Troy Daniels,571
Jamaal Franklin,572
Nick Calathes,573
Noah Vonleh,574
James Michael McAdoo,575
Robbie Hummel,576
Tim Frazier,577
Jerrelle Benimon,578
Vander Blue,579
Michael Carter-Williams,580
Matthew Dellavedova,581
Travis Wear,582
Seth Curry,583
Kalin Lucas,584
Joe Harris,585
Giannis Antetokounmpo,586
Tyler Ennis,587
Jordan Clarkson,588
Jusuf Nurkic,589
Ricky Ledo,590
Cory Jefferson,591
Eric Moreland,592
Otto Porter Jr.,593
Kentavious Caldwell-Pope,594
Shayne Whittington,595
Alex Len,596
Nik Stauskas,597
Isaiah Canaan,598
Nate Wolters,599
Dwight Powell,600
Mason Plumlee,601
Toure' Murry,602
Steven Adams,603
Devyn Marble,604
Jabari Brown,605
TJ Warren,606
Jack Cooley,607
Larry Drew II,608
Ognjen Kuzmic,609
Ian Clark,610
KJ McDaniels,611
James Ennis III,612
Nerlens Noel,613
Marcus Smart,614
Joey Dorsey,615
Markel Brown,616
Erick Green,617
Drew Gordon,618
Mike Muscala,619
Bruno Caboclo,620
Jorge Gutierrez,621
Nikola Mirotic,622
Tony Snell,623
Hollis Thompson,624
JaMychal Green,625
Shabazz Napier,626
Robert Covington,627
Zoran Dragic,628
Gigi Datome,629
Cleanthony Early,630
Jerel McNeal,631
Julius Randle,632
Elijah Millsap,633
Bojan Bogdanovic,634
David Wear,635
Pero Antic,636
Dante Exum,637
Rodney Hood,638
JaKarr Sampson,639
Victor Oladipo,640
Russ Smith,641
Sim Bhullar,642
Damjan Rudez,643
Jarnell Stokes,644
David Stockton,645
Solomon Hill,646
Nick Johnson,647
Grant Jerrett,648
CJ Wilcox,649
Arinze Onuaku,650
Archie Goodwin,651
Shane Larkin,652
Dennis Schroder,653
Brandon Davies,654
Zach LaVine,655
Anthony Bennett,656
Spencer Dinwiddie,657
Allen Crabbe,658
Adreian Payne,659
Joffrey Lauvergne,660
Shabazz Muhammad,661
James Young,662
Aaron Gordon,663
PJ Hairston,664
Johnny O'Bryant III,665
Glenn Robinson III,666
Mitch McGary,667
Bryce Cotton,668
Andre Dawkins,669
Jordan Adams,670
Dewayne Dedmon,671
Gary Harris,672
Tim Hardaway Jr.,673
Sergey Karasev,674
Kyle Anderson,675
Miroslav Raduljica,676
Ryan Kelly,677
Langston Galloway,678
Andre Roberson,679
Tarik Black,680
Elfrid Payton,681
Clint Capela,682
Furkan Aldemir,683
Rudy Gobert,684
Kelly Olynyk,685
Justin Hamilton,686
Glen Rice,687
Gal Mekel,688
Tyler Johnson,689
Jabari Parker,690
Doug McDermott,691
Joe Ingles,692
Patrick Christopher,693
Reggie Bullock,694
Cody Zeller,695
Jerami Grant,696
Andrew Wiggins,697
Kostas Papanikolaou,698
Cameron Bairstow,699
Dwight Buycks,700
Lucas Nogueira,701
Ray McCallum,702
Lorenzo Brown,703
Phil Pressey,704
Gorgui Dieng,705
Will Cherry,706
CJ McCollum,707
Jeff Withey,708
Alex Kirk,709
Trey Burke,710
Alexis Ajinca,711
Scotty Hopson,712
Othyus Jeffers,713
James Nunnally,714
Mustafa Shakur,715
DJ Stephens,716
Adonis Thomas,717
Elias Harris,718
Greg Oden,719
Peyton Siva,720
Josh Powell,721
Dionte Christmas,722
Royce White,723
Chris Smith,724
Casper Ware,725
Sasha Vujacic,726
Shane Edwards,727
Tony Mitchell,728
Erik Murphy,729
Hilton Armstrong,730
Nemanja Nedovic,731
Melvin Ely,732
James Southerland,733
Vitor Faverani,734
Chris Babb,735
Carrick Felix,736
Mike Harris,737
Kareem Rush,738
Marcus Banks,739
Jarvis Hayes,740
Allen Iverson,741
Eddie House,742
Joey Graham,743
DJ Mbenga,744
Ime Udoka,745
Carlos Arroyo,746
Kevin Ollie,747
J.R. Giddens,748
Sergio Rodriguez,749
Chris Hunter,750
Al Thornton,751
Stephen Graham,752
Alando Tucker,753
Rodney Carney,754
Mario West,755
Devin Brown,756
Josh Boone,757
Acie Law,758
Joe Smith,759
Quinton Ross,760
Michael Finley,761
Joe Alexander,762
Travis Diener,763
Etan Thomas,764
Oleksiy Pecherov,765
Marcus Landry,766
Theo Ratliff,767
Randolph Morris,768
Flip Murray,769
Charlie Bell,770
Jarron Collins,771
Antonio McDyess,772
Othello Hunter,773
Shaquille O'Neal,774
Fabricio Oberto,775
Trenton Hassell,776
Luther Head,777
Anthony Johnson,778
Antoine Wright,779
Jason Hart,780
Coby Karl,781
Sonny Weems,782
Kenny Thomas,783
Lindsey Hunter,784
Chris Richard,785
Mardy Collins,786
Nenad Krstic,787
Jason Williams,788
Marcus Haislip,789
David Andersen,790
Jonathan Bender,791
Paul Davis,792
Cedric Jackson,793
Tim Thomas,794
Sean May,795
Marcus Williams,796
Darius Songaila,797
Antonio Anderson,798
Malik Hairston,799
Roko Ukic,800
Devean George,801
Darnell Jackson,802
Pops Mensah-Bonsu,803
Patrick O'Bryant,804
Zydrunas Ilgauskas,805
Jawad Williams,806
Adam Morrison,807
Oliver Lafayette,808
Primoz Brezec,809
Taylor Griffin,810
Kyle Weaver,811
Nathan Jawai,812
Steven Hunter,813
Peja Stojakovic,814
Yakhouba Diawara,815
Rafer Alston,816
Sean Marks,817
Rasho Nesterovic,818
Bobby Brown,819
JamesOn Curry,820
Trey Gilder,821
Chucky Atkins,822
Jermaine Taylor,823
James Posey,824
Dwayne Jones,825
Ryan Bowen,826
Leon Powe,827
Ricky Davis,828
Morris Peterson,829
Malik Allen,830
Mike Wilks,831
Julian Wright,832
Desmond Mason,833
Pooh Jeter,834
Pape Sy,835
Orien Greene,836
Antonio Daniels,837
Sherron Collins,838
Marcus Cousin,839
Ronald Dupree,840
Zabian Dowdell,841
Maurice Ager,842
Garret Siler,843
Patrick Ewing,844
Andy Rautins,845
Derrick Caracter,846
Yao Ming,847
Gani Lawal,848
Willie Warren,849
Dorian Finney-Smith,850
Yogi Ferrell,851
Denzel Valentine,852
Brice Johnson,853
Nikola Jokic,854
Norman Powell,855
Quinn Cook,856
Cameron Payne,857
Rodney McGruder,858
Sam Dekker,859
Briante Weber,860
Justin Anderson,861
Kay Felder,862
Cheick Diallo,863
Malcolm Delaney,864
Malik Beasley,865
Myles Turner,866
Pat Connaughton,867
Anthony Brown,868
Edy Tavares,869
Caris LeVert,870
Christian Wood,871
Jamal Murray,872
Fred VanVleet,873
Richaun Holmes,874
Marcus Georges-Hunt,875
Lamar Patterson,876
Kristaps Porzingis,877
Karl-Anthony Towns,878
Alex Abrines,879
Alex Poythress,880
Terry Rozier,881
Jaylen Brown,882
Jahlil Okafor,883
Tyler Ulis,884
Jordan Mickey,885
Davis Bertans,886
Tyus Jones,887
Pierre Jackson,888
Jonathan Gibson,889
Jakob Poeltl,890
Mike Tobey,891
Daniel Ochefu,892
Delon Wright,893
Michael Gbinije,894
Kyle Wiltjer,895
Justise Winslow,896
Trey Lyles,897
Buddy Hield,898
Ivica Zubac,899
Gary Payton II,900
Rakeem Christmas,901
Stephen Zimmerman,902
Jake Layman,903
Damian Jones,904
Aaron Harrison,905
Semaj Christon,906
Devin Booker,907
Joel Bolomboy,908
Axel Toupane,909
Mario Hezonja,910
Dragan Bender,911
Tim Quarterman,912
Bobby Portis,913
Frank Kaminsky,914
Marcelo Huertas,915
Jordan McRae,916
Skal Labissiere,917
Rashad Vaughn,918
Jerian Grant,919
Patrick McCaw,920
Thon Maker,921
Marshall Plumlee,922
Wayne Selden,923
Darrun Hilliard,924
Georgios Papagiannis,925
Andrew Harrison,926
Nicolas Brussino,927
Isaiah Whitehead,928
Willie Cauley-Stein,929
Dario Saric,930
Nemanja Bjelica,931
AJ Hammons,932
Demetrius Jackson,933
RJ Hunter,934
Malachi Richardson,935
Paul Zipser,936
Treveon Graham,937
Willy Hernangomez,938
Troy Williams,939
Chinanu Onuaku,940
Joe Young,941
Diamond Stone,942
Alan Williams,943
Jarrod Uthoff,944
Salah Mejri,945
Montrezl Harrell,946
DeAndre' Bembry,947
Brandon Ingram,948
Timothe Luwawu-Cabarrot,949
Sheldon Mac,950
Shawn Long,951
Boban Marjanovic,952
Taurean Prince,953
Pascal Siakam,954
Chasson Randle,955
Jarell Martin,956
Kelly Oubre Jr.,957
Maurice Ndour,958
Isaiah Taylor,959
Henry Ellenson,960
Domantas Sabonis,961
Malcolm Brogdon,962
T.J. McConnell,963
Georges Niang,964
Ben Bentil,965
Patricio Garino,966
Ron Baker,967
Kevon Looney,968
Jonathon Simmons,969
Chris McCullough,970
Cristiano Felicio,971
D'Angelo Russell,972
Wade Baldwin IV,973
Emmanuel Mudiay,974
Kris Dunn,975
Mindaugas Kuzminskas,976
Derrick Jones Jr.,977
Dejounte Murray,978
Raul Neto,979
Josh Huestis,980
Okaro White,981
Nicolas Laprovittola,982
Marquese Chriss,983
Rondae Hollis-Jefferson,984
Jarell Eddie,985
Josh Richardson,986
Tomas Satoransky,987
Willie Reed,988
Deyonta Davis,989
Danuel House,990
Bryn Forbes,991
Juan Hernangomez,992
Larry Nance Jr.,993
David Nwaba,994
Stanley Johnson,995
Joel Embiid,996
Torrey Craig,997
Dennis Smith Jr.,998
Kobi Simmons,999
D.J. Wilson,1000
De'Aaron Fox,1001
Theo Pinson,1002
Ryan Broekhoff,1003
Monte Morris,1004
Johnathan Motley,1005
Lonnie Walker IV,1006
Ante Zizic,1007
Tony Bradley,1008
Lauri Markkanen,1009
Kadeem Allen,1010
Wes Iwundu,1011
Danuel House Jr.,1012
PJ Dozier,1013
Jaron Blossomgame,1014
Drew Eubanks,1015
Collin Sexton,1016
DeVaughn Akoon-Purcell,1017
Ike Anigbogu,1018
Jordan Bell,1019
Daryl Macon,1020
Daniel Hamilton,1021
John Collins,1022
Tyler Dorsey,1023
Chandler Hutchison,1024
Ivan Rabb,1025
Hamidou Diallo,1026
Walter Lemon Jr.,1027
BJ Johnson,1028
Moritz Wagner,1029
Isaiah Hicks,1030
Caleb Swanigan,1031
Jonah Bolden,1032
Bruce Brown,1033
Devonte' Graham,1034
Dillon Brooks,1035
J.P. Macura,1036
Luke Kornet,1037
Elie Okobo,1038
Brandon Sampson,1039
Tyler Cavanaugh,1040
Shake Milton,1041
Furkan Korkmaz,1042
Miles Bridges,1043
Isaiah Hartenstein,1044
Guerschon Yabusele,1045
Emanuel Terry,1046
Zach Collins,1047
Julian Washburn,1048
Donovan Mitchell,1049
Cedi Osman,1050
Tyler Davis,1051
Terrance Ferguson,1052
Jalen Brunson,1053
Semi Ojeleye,1054
Trevon Duval,1055
Jemerrio Jones,1056
George King,1057
Brandon Goodwin,1058
Chimezie Metu,1059
Melvin Frazier Jr.,1060
Jaylen Morris,1061
Harry Giles III,1062
Frank Jackson,1063
Cameron Reynolds,1064
Maxi Kleber,1065
Jawun Evans,1066
Marvin Bagley III,1067
Alize Johnson,1068
Grayson Allen,1069
Edmond Sumner,1070
Jarrett Allen,1071
Jerome Robinson,1072
Ray Spalding,1073
Shaquille Harrison,1074
Jarred Vanderbilt,1075
Svi Mykhailiuk,1076
Gary Clark,1077
T.J. Warren,1078
OG Anunoby,1079
Zhaire Smith,1080
Troy Brown Jr.,1081
Zach Lofton,1082
Thomas Bryant,1083
Yante Maten,1084
Keita Bates-Diop,1085
Trae Young,1086
Landry Shamet,1087
Jonathan Isaac,1088
Alex Caruso,1089
Wendell Carter Jr.,1090
Billy Garrett,1091
Markelle Fultz,1092
Shai Gilgeous-Alexander,1093
Milos Teodosic,1094
Mikal Bridges,1095
C.J. Williams,1096
Ryan Arcidiacono,1097
Dzanan Musa,1098
Lonzo Ball,1099
Angel Delgado,1100
Malik Monk,1101
Davon Reed,1102
Andre Ingram,1103
Sterling Brown,1104
Isaac Humphries,1105
Mitchell Creek,1106
Jordan Loyd,1107
Anfernee Simons,1108
Bonzie Colson,1109
Jaylen Adams,1110
Jordan Sibert,1111
Frank Mason,1112
Devin Robinson,1113
De'Anthony Melton,1114
Thomas Welsh,1115
Aaron Holiday,1116
Donte DiVincenzo,1117
Chris Boucher,1118
Rawle Alkins,1119
Mo Bamba,1120
Dairis Bertans,1121
Damyean Dotson,1122
Jacob Evans,1123
Kyle Kuzma,1124
Josh Jackson,1125
Khem Birch,1126
Luke Kennard,1127
Isaac Bonga,1128
TJ Leaf,1129
Jalen Jones,1130
Bogdan Bogdanovic,1131
Daniel Theis,1132
Zhou Qi,1133
Jayson Tatum,1134
Khyri Thomas,1135
Isaiah Briscoe,1136
Justin Patton,1137
John Holland,1138
Kenrich Williams,1139
Antonio Blakeney,1140
Kevin Huerter,1141
Royce O'Neale,1142
Amile Jefferson,1143
Josh Okogie,1144
Abdel Nader,1145
Marcus Derrickson,1146
Brad Wanamaker,1147
Kostas Antetokounmpo,1148
Deng Adel,1149
Juancho Hernangomez,1150
Ben Simmons,1151
Derrick White,1152
Chris Chiozza,1153
Justin Jackson,1154
Tyler Lydon,1155
Robert Williams III,1156
Josh Hart,1157
Troy Caupain,1158
Bam Adebayo,1159
Vincent Edwards,1160
Kevin Knox,1161
Allonzo Trier,1162
Jevon Carter,1163
Luka Doncic,1164
Deandre Ayton,1165
Deonte Burton,1166
Rodions Kurucs,1167
Haywood Highsmith,1168
Dusty Hannahs,1169
Duncan Robinson,1170
Dwayne Bacon,1171
Tahjere McCall,1172
Jaren Jackson Jr.,1173
Gary Trent Jr.,1174
Mitchell Robinson,1175
Yuta Watanabe,1176
Omari Spellman,1177
Tyrone Wallace,1178
Naz Mitrou-Long,1179
Donte Grantham,1180
Johnathan Williams,1181
Alfonzo McKinnie,1182
Joe Chealey,1183
Jared Terrell,1184
Frank Ntilikina,1185
Malcolm Miller,1186
Damion Lee,1187
Sindarius Thornwell,1188
Duje Dukan,1189
Cliff Alexander,1190
JJ O'Brien,1191
Sasha Kaun,1192
Alex Stepheson,1193
Keith Appling,1194
Damien Inglis,1195
Coty Clarke,1196
Bryce Dejean-Jones,1197
Luis Montero,1198
Tibor Pleiss,1199
Thanasis Antetokounmpo,1200
Xavier Munford,1201
Branden Dawson,1202
Josh Gray,1203
Jamel Artis,1204
Milton Doyle,1205
Omari Johnson,1206
Matt Williams Jr.,1207
London Perrantes,1208
Alec Peters,1209
Brandon Paul,1210
Antonius Cleveland,1211
Nigel Hayes,1212
Jameel Warney,1213
Charles Cooke,1214
Josh Magette,1215
Jamil Wilson,1216
Matt Costello,1217
Marcus Paige,1218
James Webb III,1219
Xavier Rathan-Mayes,1220
Myke Henry,1221
Trey McKinney-Jones,1222
Erik McCree,1223
Reggie Hearn,1224
Kyle Collinsworth,1225
Dakari Johnson,1226
Aaron Jackson,1227
Ben Moore,1228
Derrick Walton Jr.,1229
Vincent Hunter,1230
Jacob Wiley,1231
Andrew White III,1232
Mangok Mathiang,1233
Gian Clavell,1234
Jacob Pullen,1235
Jabari Bird,1236
Rodney Purvis,1237
